AKOS smile,CID,CanonicalSMILES,density g/cm3,MW,AKOS,weight (g),stored
BrCC(CCCCCCCCC(=O)OC)F,11022861,COC(=O)CCCCCCCCC(CBr)F,,297.208,AKOS024263961,,
BrCc1ccccc1C(=O)OCc1ccccc1,13978678,C1=CC=C(C=C1)COC(=O)C2=CC=CC=C2CBr,,305.171,AKOS016005277,,
BrCCCCCCC(=O)OCC,122490,CCOC(=O)CCCCCCBr,,237.137,AKOS015836154,,
BrCCCCCCCC(=O)OCC,264813,CCOC(=O)CCCCCCCBr,,251.164,AKOS015836156,,
BrCCCCCCCCC(=O)OCC,560317,CCOC(=O)CCCCCCCCBr,,265.191,AKOS022184013,,
BrCCCCCCCCCCCCCCCC(=O)OC,2736822,COC(=O)CCCCCCCCCCCCCCCBr,,349.353,AKOS005254954,,
BrCCOC(=O)c1ccccc1,523090,C1=CC=C(C=C1)C(=O)OCCBr,,229.073,AKOS005203196,,
C[C@@H](C1CCCCC1)O,9964092,CC(C1CCCCC1)O,,128.215,AKOS016844268,,
C[C@@H](CCC=C(C)C)O,6971127,CC(CCC=C(C)C)O,,128.215,AKOS017343754,,
C[C@@H]1CC[C@@H]([C@H](C1)O)C(C)C,45056,CC1CCC(C(C1)O)C(C)C,0.904,156.269,AKOS007929949,,
C[C@@H]1CC[C@@H](CC1)O,11524,CC1CCC(CC1)O,0.92,114.188,AKOS017343697,,
C[C@@H]1CC[C@@H]2[C@]31CC[C@@]([C@@H](C3)C2(C)C)(C)O,7067838,CC1CCC2C13CCC(C(C3)C2(C)C)(C)O,,222.372,AKOS016010231,,
C[C@@H]1CC[C@H]([C@@H](C1)O)C(C)C,16666,CC1CCC(C(C1)O)C(C)C,0.904,156.269,AKOS016842647,,
C[C@H](CCC=C(C)C)O,6971128,CC(CCC=C(C)C)O,,128.215,AKOS017343717,,
C[C@H]1C[C@@H](O)CC(C1)(C)C,1550823,CC1CC(CC(C1)(C)C)O,,142.242,AKOS022172061,,
C/C(=C\C)/CO,6433417,CC=C(C)CO,,86.134,AKOS006274657,,
C/C(=C\C=C)/CO,5705553,CC(=CC=C)CO,,98.145,AKOS004907369,,
C/C=C\CCCO,5365589,CC=CCCCO,,100.161,AKOS006230030,,
C/C=C\CO,643789,CC=CCO,,72.107,AKOS016009829,,
C#CCOC(=O)c1ccccc1,336291,C#CCOC(=O)C1=CC=CC=C1,,160.172,AKOS016009036,,
C=CC(=C)C[C@@H](C=C(C)C)O,92301,CC(=CC(CC(=C)C=C)O)C,,152.237,AKOS006272671,,
C=CC(C/C=C/C(=C)C)(O)C,5366264,CC(=C)C=CCC(C)(C=C)O,,152.237,AKOS024264261,,
C=CC(C/C=C/C(O)(C)C)(O)C,5352451,CC(C)(C=CCC(C)(C=C)O)O,,170.252,AKOS022184702,,
C=CCC[C@@H](O)C,11848710,CC(CCC=C)O,,100.161,AKOS017343751,,
C=CCc1cccc(c1)C(=O)OCC,12070479,CCOC(=O)C1=CC(=CC=C1)CC=C,,190.242,AKOS006275880,,
C=CCc1ccccc1C(=O)OCC,9920599,CCOC(=O)C1=CC=CC=C1CC=C,,190.242,AKOS006275879,,
C=CCCc1ccccc1C(=O)OCC,24721793,CCOC(=O)C1=CC=CC=C1CCC=C,,204.269,AKOS016016791,,
C=CCCCC(CCCC=C)O,11275239,C=CCCCC(CCCC=C)O,,168.28,AKOS025141964,,
CC([C@]1(O)CC[C@@]2([C@@H](C1)[C@](C)(O)CCC2O)C)C,71307321,CC(C)C1(CCC2(C(CCC(C2C1)(C)O)O)C)O,,256.386,AKOS022184630,,
CC([C@@H]1CC[C@]2([C@H](C1)[C@@](C)(O)CCC2)C)(O)C,10879263,CC12CCCC(C1CC(CC2)C(C)(C)O)(C)O,,240.387,AKOS026674265,,
CC([C@H]1CCCC[C@@H]1O)C,2747987,CC(C)C1CCCCC1O,,142.242,AKOS004903434,,
CC(/C=C/C(O)(C)C)(O)C,5875483,CC(C)(C=CC(C)(C)O)O,,144.214,AKOS006274274,,
CC(=C)[C@H]1CC[C@@](C=C1)(C)O,5319363,CC(=C)C1CCC(C=C1)(C)O,,152.237,AKOS022173122,,
CC(=CCC/C(=C\C(=O)O)/C)C,5312583,CC(=CCCC(=CC(=O)O)C)C,,168.236,AKOS016004982,,
CC(=O)OC(c1ccccc1)CCC(=O)c1ccccc1,2752851,CC(=O)OC(CCC(=O)C1=CC=CC=C1)C2=CC=CC=C2,,282.339,AKOS004901905,,
CC(C=C)/C=C\CCCCC,12525554,CCCCCC=CC(C)C=C,,152.281,AKOS024262911,,
CC(C1(O)C2CC3CC1CC(C2)C3)C,22042514,CC(C)C1(C2CC3CC(C2)CC1C3)O,,194.318,AKOS004120362,,
CC(C1CCC(C(C1)O)C)C,86850,CC1CCC(CC1O)C(C)C,,156.269,AKOS004906088,,
CC(C1CCC(CC1)O)C,20739,CC(C)C1CCC(CC1)O,,142.242,AKOS012000610,,
CC(C1CCCCC1)O,137829,CC(C1CCCCC1)O,,128.215,AKOS009157819,,
CC(CCC[C@@H]([C@H]1CCC2[C@]1(C)CCC1C2CC[C@@H]2[C@]1(C)CC[C@@H](C2)O)C)C,2754261,CC(C)CCCC(C)C1CCC2C1(CCC3C2CCC4C3(CCC(C4)O)C)C,,388.68,AKOS004909035,,
CC(CCC[C@@H](O)C)C,12583653,CC(C)CCCC(C)O,,130.231,AKOS016845813,,
CC(CCCCCCOC(=O)CCCCC(=O)OCCCCCCC(C)C)C,6427097,CC(C)CCCCCCOC(=O)CCCCC(=O)OCCCCCCC(C)C,,398.628,AKOS016010396,,
CC(CCCCCOC(=O)CCCCCCCCC(=O)OCCCCCC(C)C)C,117949,CC(C)CCCCCOC(=O)CCCCCCCCC(=O)OCCCCCC(C)C,,426.682,AKOS016012591,,
CC(CCOC(=O)c1ccccc1)C,7193,CC(C)CCOC(=O)C1=CC=CC=C1,,192.258,AKOS005720808,,
CC(CCOC(=O)c1ccccc1)CCCC(=C)C,112051,CC(CCCC(=C)C)CCOC(=O)C1=CC=CC=C1,,260.377,AKOS004905707,,
CC(COC(=O)c1ccccc1)OCC(OC(=O)c1ccccc1)C,89272,CC(COC(C)COC(=O)C1=CC=CC=C1)OC(=O)C2=CC=CC=C2,,342.391,AKOS022172826,,
CC(COC(=O)CCCCCCCC(=O)OCC(C)C)C,7776,CC(C)COC(=O)CCCCCCCC(=O)OCC(C)C,,300.439,AKOS024258487,,
CC(OC(=O)c1cccc(c1)B(O)O)C,2734363,B(C1=CC(=CC=C1)C(=O)OC(C)C)(O)O,,208.02,AKOS015838554,,
CC[C@]1(O)CCC2([C@@](C1)(C)CCC1C2CCC2(C1CCC2O)C)C,2748170,CCC1(CCC2(C3CCC4(C(C3CCC2(C1)C)CCC4O)C)C)O,,334.544,AKOS004903668,,
CC/C=C/C=C/CO,5367391,CCC=CC=CCO,,112.172,AKOS016010111,,
CC/C=C\CCCC/C=C\CC,14840125,CCC=CCCCCC=CCC,,166.308,AKOS024263044,,
CC#CCCCCCCCC(=O)OC,13355478,CC#CCCCCCCCC(=O)OC,,196.29,AKOS024264137,,
CC1(O)CC2CCC1CC2,296931,CC1(CC2CCC1CC2)O,,140.226,AKOS016006704,,
CC1(O)CCC(CC1)C(O)(C)C.O,17141,CC1(CCC(CC1)C(C)(C)O)O.O,,190.283,AKOS016013500,,
CC1=CC(CCC1)O,89487,CC1=CC(CCC1)O,,112.172,AKOS009158570,,
CC1=CCC[C@H](C([C@@H]1O)(C)C)O,2755160,CC1=CCCC(C(C1O)(C)C)O,,170.252,AKOS004909714,,
CC1CC(C)CC(C1)O,21584,CC1CC(CC(C1)O)C,,128.215,AKOS009156899,,
CC1CC(O)CC(C1)(C)C,8298,CC1CC(CC(C1)(C)C)O,,142.242,AKOS016844021,,
CC1CCC(C(C1)O)C,97959,CC1CCC(C(C1)O)C,,128.215,AKOS006229596,,
CC1CCC(C(C1)O)C(C)C,1254,CC1CCC(C(C1)O)C(C)C,0.904,156.269,AKOS000119740,,
CC1CCC(C(C1)O)C(O)(C)C,556998,CC1CCC(C(C1)O)C(C)(C)O,,172.268,AKOS015902316,,
CC1CCCC(C1)(C)O,558957,CC1CCCC(C1)(C)O,,128.215,AKOS009996015,,
Cc1cccc(c1)C(=O)OC(=O)c1cccc(c1)C,253301,CC1=CC=CC(=C1)C(=O)OC(=O)C2=CC(=CC=C2)C,,254.285,AKOS015842028,,
CC1CCCC(C1O)C,21428,CC1CCCC(C1O)C,,128.215,AKOS021983365,,
CC1CCCCC1(C)O,164822,CC1CCCCC1(C)O,,128.215,AKOS009996121,,
CC1CCCCC1O,11418,CC1CCCCC1O,0.93,114.188,AKOS016843913,,
CCC(/C=C/C=O)O,5283314,CCC(C=CC=O)O,,114.144,AKOS006273451,,
CCC(=O)[C@H](OC(=O)c1ccccc1)C,11424287,CCC(=O)C(C)OC(=O)C1=CC=CC=C1,,206.241,AKOS022173054,,
CCC(=O)CCCCCC(=O)O,545982,CCC(=O)CCCCCC(=O)O,,172.224,AKOS006277607,,
CCC(=O)CCCCCCC(=O)O,5282984,CCC(=O)CCCCCCC(=O)O,,186.251,AKOS006278403,,
CCC(=O)OC(=O)c1ccccc1,11961,CCC(=O)OC(=O)C1=CC=CC=C1,,178.187,AKOS022177870,,
CCC(C1CCC(CC1)O)(C)C,79302,CCC(C)(C)C1CCC(CC1)O,,170.296,AKOS000249586,,
CCC(C1CCCCC1)(C(CCC)O)O,2749621,CCCC(C(CC)(C1CCCCC1)O)O,,214.349,AKOS004905073,,
CCC(C1CCCCC1)O,86535,CCC(C1CCCCC1)O,,142.242,AKOS009157140,,
CCC(CCCC(C)C)(O)C,6548,CCC(C)(CCCC(C)C)O,,158.285,AKOS015841872,,
CCC[C@@H]1CCC(CC1)C1CC[C@H](CC1)O,3107830,CCCC1CCC(CC1)C2CCC(CC2)O,,224.388,AKOS024438127,,
CCC/C=C\CCC/C=C\CCC,84820759,CCCC=CCCCC=CCCC,,180.335,AKOS024264131,,
CCC1(O)CC(CCC1C)C(C)C,2750695,CCC1(CC(CCC1C)C(C)C)O,,184.323,AKOS004906087,,
CCC1(O)CCCC(C1)C,2750694,CCC1(CCCC(C1)C)O,,142.242,AKOS004906078,,
CCCC(=O)CCC(=O)OCC,12271529,CCCC(=O)CCC(=O)OCC,,172.224,AKOS010910511,,
CCCC(=O)CCCCC(=O)O,5282981,CCCC(=O)CCCCC(=O)O,,172.224,AKOS006277890,,
CCCC(=O)CCCCCC(=O)O,5312882,CCCC(=O)CCCCCC(=O)O,,186.251,AKOS006277891,,
CCCC(=O)CCCCCC(=O)OCC,24727454,CCCC(=O)CCCCCC(=O)OCC,,214.305,AKOS016022974,,
CCCC(C(C(O)C)C)O,248872,CCCC(C(C)C(C)O)O,,146.23,AKOS004909536,,
CCCC(C(CO)CC)O,7211,CCCC(C(CC)CO)O,,146.23,AKOS016051411,,
CCCC(CC(CO)CC)CC,549992,CCCC(CC)CC(CC)CO,,172.312,AKOS016003314,,
CCCC/C=C/C(C(F)(F)F)O,10012561,CCCCC=CC(C(F)(F)F)O,,182.186,AKOS024263117,,
CCCC/C=C/CCCCCCCCCCO,5352278,CCCCC=CCCCCCCCCCCO,,240.431,AKOS015839816,,
CCCC/C=C\C(C(F)(F)F)O,84820333,CCCCC=CC(C(F)(F)F)O,,182.186,AKOS024263114,,
CCCC/C=C\CCCC,5364449,CCCCC=CCCCC,,140.27,AKOS006228218,,
CCCC/C=C\CCCCCCCCC/C=C/CO,5283306,CCCCC=CCCCCCCCCCC=CCO,,266.469,AKOS025213454,,
CCCC/C=C\CCCCCCCCCC=O,5364495,CCCCC=CCCCCCCCCCC=O,,238.415,AKOS015839807,,
CCCC/C=C\CCCCCCCCCCO,5283305,CCCCC=CCCCCCCCCCCO,,240.431,AKOS015839808,,
CCCC/C=C\CCCCCCCCO,5364712,CCCCC=CCCCCCCCCO,,212.377,AKOS025212607,,
CCCc1ccc(cc1)C(=O)OC,12861010,CCCC1=CC=C(C=C1)C(=O)OC,,178.231,AKOS022174072,,
CCCCC(/C=C/[C@H]1COC(O1)(C)C)O,84820308,CCCCC(C=CC1COC(O1)(C)C)O,,214.305,AKOS024263069,,
CCCCC(/C=C\CO[Si](C(C)(C)C)(C)C)O,84820355,CCCCC(C=CCO[Si](C)(C)C(C)(C)C)O,,258.477,AKOS024263164,,
CCCCC(=O)CC(=O)OCC,559036,CCCCC(=O)CC(=O)OCC,,172.224,AKOS015855371,,
CCCCC(=O)CCC(=O)OCC,11830138,CCCCC(=O)CCC(=O)OCC,,186.251,AKOS010910401,,
CCCCC(=O)CCCCC(=O)O,5282983,CCCCC(=O)CCCCC(=O)O,,186.251,AKOS006277609,,
CCCCC(=O)CCCCC(=O)OCC,11063798,CCCCC(=O)CCCCC(=O)OCC,,214.305,AKOS016022941,,
CCCCC(C(C)(C)C)O,140543,CCCCC(C(C)(C)C)O,,144.258,AKOS011018651,,
CCCCC(CCC(=O)OCC)C,92058,CCCCC(C)CCC(=O)OCC,,186.295,AKOS006276325,,
CCCCC(CCC(CC(C)C)O)CC,97948,CCCCC(CC)CCC(CC(C)C)O,,214.393,AKOS016009845,,
CCCCC(COC(=O)c1ccccc1)CC,94310,CCCCC(CC)COC(=O)C1=CC=CC=C1,,234.339,AKOS016846200,,
CCCCC[C@@H]1CC[C@H](CC1)[C@@H]1CC[C@H](CC1)O,3126233,CCCCCC1CCC(CC1)C2CCC(CC2)O,,252.442,AKOS016003821,,
CCCCC/C(=C/C(C)C)/[2H],84820296,CCCCCC=CC(C)C,,141.276,AKOS024263047,,
CCCCC/C=C/C(C)(C)C,84820213,CCCCCC=CC(C)(C)C,,154.297,AKOS024262871,,
CCCCC/C=C/C(C)C,5365981,CCCCCC=CC(C)C,,140.27,AKOS024263045,,
CCCCC/C=C/C=C\C=C,5367410,CCCCCC=CC=CC=C,,150.265,AKOS024263056,,
CCCCC/C=C\C,5356796,CCCCCC=CC,,112.216,AKOS006228003,,
CCCCC/C=C\C(C)(C)C,84820295,CCCCCC=CC(C)(C)C,,154.297,AKOS024263046,,
CCCCC/C=C\C(C)C,12936866,CCCCCC=CC(C)C,,140.27,AKOS024263048,,
CCCCC/C=C\C/C=C\C,58361173,CCCCCC=CCC=CC,,152.281,AKOS024263058,,
CCCCC/C=C\C/C=C\CCCCCCCCO,5365682,CCCCCC=CCC=CCCCCCCCCO,,266.469,AKOS015839888,,
CCCCc1ccc(cc1)C(=O)OC,88630,CCCCC1=CC=C(C=C1)C(=O)OC,,192.258,AKOS006229551,,
CCCCCC(/C=C/C=C/C=C/C)O,84820218,CCCCCC(C=CC=CC=CC)O,,194.318,AKOS024262879,,
CCCCCC(=O)CC(=O)C(=O)OCC,12777406,CCCCCC(=O)CC(=O)C(=O)OCC,,214.261,AKOS010652650,,
CCCCCC(=O)CCC(=O)OCC,12441329,CCCCCC(=O)CCC(=O)OCC,,200.278,AKOS010910614,,
CCCCCC(=O)CCCC(=O)OCC,3022909,CCCCCC(=O)CCCC(=O)OCC,,214.305,AKOS016022952,,
CCCCCC(=O)OCCCC(F)(F)F,45075683,CCCCCC(=O)OCCCC(F)(F)F,,226.239,AKOS017343232,,
CCCCCC(C(=O)OC(=O)C(CCCCC)C)C,46779060,CCCCCC(C)C(=O)OC(=O)C(C)CCCCC,,270.413,AKOS025396835,,
CCCCCC/C=C(/C(O)C)\C,12768714,CCCCCCC=C(C)C(C)O,,170.296,AKOS024263050,,
CCCCCC/C=C/C(=O)O,5312586,CCCCCCC=CC(=O)O,,156.225,AKOS006230171,,
CCCCCC/C=C/C(=O)OC,5368076,CCCCCCC=CC(=O)OC,,170.252,AKOS005381295,,
CCCCCC/C=C/C(O)C,5365770,CCCCCCC=CC(C)O,,156.269,AKOS024264260,,
CCCCCC/C=C/C=C/C,12397158,CCCCCCC=CC=CC,,152.281,AKOS024262869,,
CCCCCC/C=C/CCCC,5364444,CCCCCCC=CCCCC,,168.324,AKOS024262897,,
CCCCCC/C=C/CCO,5352493,CCCCCCC=CCCO,,156.269,AKOS024264262,,
CCCCCC/C=C\C=C,12276242,CCCCCCC=CC=C,,138.254,AKOS024264252,,
CCCCCC/C=C\CCCCCCCC=O,5364643,CCCCCCC=CCCCCCCCC=O,,238.415,AKOS016004818,,
CCCCCCC(/C(=C/C)/C)O,15527754,CCCCCCC(C(=CC)C)O,,170.296,AKOS024262916,,
CCCCCCC(=O)OC(=O)CCCCCC,69376,CCCCCCC(=O)OC(=O)CCCCCC,,242.359,AKOS025396821,,
CCCCCCC(C(=O)OC)Br,95579,CCCCCCC(C(=O)OC)Br,,237.137,AKOS016009491,,
CCCCCCC(CO)C,102495,CCCCCCC(C)CO,,144.258,AKOS013993199,,
CCCCCCC/C=C/C=O,5283345,CCCCCCCC=CC=O,,154.253,AKOS015839092,,
CCCCCCC/C=C/CC(=O)C,71307285,CCCCCCCC=CCC(=O)C,,182.307,AKOS016006185,,
CCCCCCC/C=C/CC(=O)CC,21953547,CCCCCCCC=CCC(=O)CC,,196.334,AKOS016006261,,
CCCCCCCC(=O)CC(=O)OCC,83224,CCCCCCCC(=O)CC(=O)OCC,,214.305,AKOS022172951,,
CCCCCCCC(=O)OC(COC(=O)CCCCCCC)COC(=O)CCCCCCC,10850,CCCCCCCC(=O)OCC(COC(=O)CCCCCCC)OC(=O)CCCCCCC,0.954,470.691,AKOS015899778,,
CCCCCCCC/C=C/CCCCCCCCO,5367665,CCCCCCCCC=CCCCCCCCCO,,268.485,AKOS015839897,,
CCCCCCCC1CCC(=O)O1,7714,CCCCCCCC1CCC(=O)O1,,184.279,AKOS001076126,,
CCCCCCCCC(=O)C(=O)OCC,12750087,CCCCCCCCC(=O)C(=O)OCC,,214.305,AKOS024261991,,
CCCCCCCCC(=O)OC(=O)CCCCCCCC,74304,CCCCCCCCC(=O)OC(=O)CCCCCCCC,,298.467,AKOS025396803,,
CCCCCCCCC(=O)OCCCCCCCC(C)C,66957,CCCCCCCCC(=O)OCCCCCCCC(C)C,,298.511,AKOS016009813,,
CCCCCCCCC(C(=O)OCC)Br,95581,CCCCCCCCC(C(=O)OCC)Br,,279.218,AKOS015833920,,
CCCCCCCCC/C=C/C=C/C=C/C=C/C=C/C=C/C(=O)O,6442063,CCCCCCCCCC=CC=CC=CC=CC=CC=CC(=O)O,,328.496,AKOS016013070,,
CCCCCCCCCC(=O)[O-].[Na+],4457968,CCCCCCCCCC(=O)[O-].[Na+],,194.25,AKOS015839877,,
CCCCCCCCCCC(=O)O,8180,CCCCCCCCCCC(=O)O,0.891,186.295,AKOS000276906,,
CCCCCCCCCCC(=O)OCC,12327,CCCCCCCCCCC(=O)OCC,,214.349,AKOS015839824,,
CCCCCCCCCCCC(=O)CC(=O)OC,89670,CCCCCCCCCCCC(=O)CC(=O)OC,,256.386,AKOS015901948,,
CCCCCCCCCCCC(=O)OC,8139,CCCCCCCCCCCC(=O)OC,,214.349,AKOS004910323,,
CCCCCCCCCCCC(=O)OCCC(C)C,61386,CCCCCCCCCCCC(=O)OCCC(C)C,,270.457,AKOS025402732,,
CCCCCCCCCCCCC/C=C/C(=O)O,5282743,CCCCCCCCCCCCCC=CC(=O)O,,254.414,AKOS015839097,,
CCCCCCCCCCCCC/C=C/C=C/C(=O)O,5312457,CCCCCCCCCCCCCC=CC=CC(=O)O,,280.452,AKOS016009052,,
CCCCCCCCCCCCC/C=C\CCCCCCCC,5365075,CCCCCCCCCCCCCC=CCCCCCCCC,,322.621,AKOS024462408,,
CCCCCCCCCCCCCC(=O)OC,31284,CCCCCCCCCCCCCC(=O)OC,,242.403,AKOS004910358,,
CCCCCCCCCCCCCC(=O)OCC,31283,CCCCCCCCCCCCCC(=O)OCC,,256.43,AKOS015839783,,
CCCCCCCCCCCCCCC/C=C/CO,5364416,CCCCCCCCCCCCCCCC=CCO,,268.485,AKOS025213206,,
CCCCCCCCCCCCCCCC(=O)OC(COC(=O)CCCCCCCCCCCCCCC)COC(=O)CCCCCCCCCCCCCCC,11147,CCCCCCCCCCCCCCCC(=O)OCC(COC(=O)CCCCCCCCCCCCCCC)OC(=O)CCCCCCCCCCCCCCC,,807.339,AKOS015899780,,
CCCCCCCCCCCCCCCC(=O)OCC,12366,CCCCCCCCCCCCCCCC(=O)OCC,,284.484,AKOS004910397,,
CCCCCCCCCCCCCCCCCC(=O)OC(=O)CCCCCCCCCCCCCCCCC,69485,CCCCCCCCCCCCCCCCCC(=O)OC(=O)CCCCCCCCCCCCCCCCC,,550.953,AKOS016015529,,
CCCCCCCCCCCCCCCCCC(=O)OCCC,77190,CCCCCCCCCCCCCCCCCC(=O)OCCC,,326.565,AKOS017343276,,
CCCCCCCCCCCCCCCCCCCC(=O)O,10467,CCCCCCCCCCCCCCCCCCCC(=O)O,,312.538,AKOS015839825,,
CCCCCCCCCCCCCCCCCCCCCC(=O)OCC,22199,CCCCCCCCCCCCCCCCCCCCCC(=O)OCC,,368.646,AKOS022172024,,
CCCCCCCCCCCCCCCCOC(=O)CCCCCCCCCCCCC,75779,CCCCCCCCCCCCCCCCOC(=O)CCCCCCCCCCCCC,,452.808,AKOS022183496,,
CCCCCCCCCCCCCCOC(=O)C,12531,CCCCCCCCCCCCCCOC(=O)C,,256.43,AKOS016006385,,
CCCCCCCOC(=O)CCCCCC,69350,CCCCCCCOC(=O)CCCCCC,,228.376,AKOS015843132,,
CCCCOC(=O)C(C(C(C(C(C(C(F)(F)F)(F)F)(F)F)(F)F)(F)F)(F)F)(F)F,2778841,CCCCOC(=O)C(C(C(C(C(C(C(F)(F)F)(F)F)(F)F)(F)F)(F)F)(F)F)(F)F,,470.178,AKOS016015456,,
CCCCOC(=O)c1cccc(c1)B(O)O,11183638,B(C1=CC(=CC=C1)C(=O)OCCCC)(O)O,,222.047,AKOS022173304,,
CCCCOC(=O)c1ccccc1C(=O)OCc1ccccc1,2347,CCCCOC(=O)C1=CC=CC=C1C(=O)OCC2=CC=CC=C2,1.12,312.365,AKOS015839717,,
CCCCOC(=O)CCCC,61137,CCCCC(=O)OCCCC,,158.241,AKOS015839693,,
CCCCOC(=O)CCCCCCCCC=C,61027,CCCCOC(=O)CCCCCCCCC=C,,240.387,AKOS016010129,,
CCCOC(=O)c1ccc(cc1)B(O)O,23005364,B(C1=CC=C(C=C1)C(=O)OCCC)(O)O,,208.02,AKOS004113802,,
CCCOC(=O)c1cccc(c1)B(O)O,23005363,B(C1=CC(=CC=C1)C(=O)OCCC)(O)O,,208.02,AKOS004113801,,
CCOC(=O)C(C(C(C(C(C(C(C(F)F)(F)F)(F)F)(F)F)(F)F)(F)F)(F)F)(F)F,2737219,CCOC(=O)C(C(C(C(C(C(C(C(F)F)(F)F)(F)F)(F)F)(F)F)(F)F)(F)F)(F)F,,474.141,AKOS007930408,,
CCOC(=O)C(C(C(C(C(C(C(F)(F)F)(F)F)(F)F)(F)F)(F)F)(F)F)(F)F,76555,CCOC(=O)C(C(C(C(C(C(C(F)(F)F)(F)F)(F)F)(F)F)(F)F)(F)F)(F)F,,442.124,AKOS007930416,,
CCOC(=O)C(C(C(C(C(C(F)(F)F)(F)F)(F)F)(F)F)(F)F)(F)F,526468,CCOC(=O)C(C(C(C(C(C(F)(F)F)(F)F)(F)F)(F)F)(F)F)(F)F,,392.116,AKOS007930396,,
CCOC(=O)C(C(C(C(C(C(F)F)(F)F)(F)F)(F)F)(F)F)(F)F,2737218,CCOC(=O)C(C(C(C(C(C(F)F)(F)F)(F)F)(F)F)(F)F)(F)F,,374.126,AKOS003789060,,
CCOC(=O)c1c(C)cccc1F,46311376,CCOC(=O)C1=C(C=CC=C1F)C,,182.194,AKOS022176945,,
CCOC(=O)c1c(F)cccc1F,519631,CCOC(=O)C1=C(C=CC=C1F)F,,186.158,AKOS008947914,,
CCOC(=O)c1cc(C)ccc1I,44118833,CCOC(=O)C1=C(C=CC(=C1)C)I,,290.1,AKOS025403205,,
CCOC(=O)c1cc(F)c(c(c1)F)F,46311439,CCOC(=O)C1=CC(=C(C(=C1)F)F)F,,204.148,AKOS012488407,,
CCOC(=O)c1ccc(c(c1)C)I,70333377,CCOC(=O)C1=CC(=C(C=C1)I)C,,290.1,AKOS025402817,,
CCOC(=O)c1ccc(c(c1)F)C,13489923,CCOC(=O)C1=CC(=C(C=C1)C)F,,182.194,AKOS009147067,,
CCOC(=O)c1ccc(c(c1F)F)F,594559,CCOC(=O)C1=C(C(=C(C=C1)F)F)F,,204.148,AKOS023547264,,
CCOC(=O)c1ccc(cc1)C,66743,CCOC(=O)C1=CC=C(C=C1)C,,164.204,AKOS005198691,,
CCOC(=O)c1ccc(cc1)C(=O)c1ccccc1,570996,CCOC(=O)C1=CC=C(C=C1)C(=O)C2=CC=CC=C2,,254.285,AKOS016017798,,
CCOC(=O)c1ccc(cc1)C(=O)CCc1cc(C)cc(c1)C,24726494,CCOC(=O)C1=CC=C(C=C1)C(=O)CCC2=CC(=CC(=C2)C)C,,310.393,AKOS016022200,,
CCOC(=O)c1ccc(cc1)C(=O)CCc1ccc(cc1)C,24725724,CCOC(=O)C1=CC=C(C=C1)C(=O)CCC2=CC=C(C=C2)C,,296.366,AKOS016021549,,
CCOC(=O)c1ccc(cc1)C(=O)CCc1cccc(c1)C,24725673,CCOC(=O)C1=CC=C(C=C1)C(=O)CCC2=CC=CC(=C2)C,,296.366,AKOS016021043,,
CCOC(=O)c1ccc(cc1)C(=O)CCc1ccccc1,24725578,CCOC(=O)C1=CC=C(C=C1)C(=O)CCC2=CC=CC=C2,,282.339,AKOS016021018,,
CCOC(=O)c1ccc(cc1)C#C,15540683,CCOC(=O)C1=CC=C(C=C1)C#C,,174.199,AKOS015888301,,
CCOC(=O)c1ccc(cc1)C#Cc1ccccc1,4654671,CCOC(=O)C1=CC=C(C=C1)C#CC2=CC=CC=C2,,250.297,AKOS016007158,,
CCOC(=O)c1ccc(cc1)C=O,80498,CCOC(=O)C1=CC=C(C=C1)C=O,,178.187,AKOS006240956,,
CCOC(=O)c1ccc(cc1)c1ccc(cc1)C=O,10977997,CCOC(=O)C1=CC=C(C=C1)C2=CC=C(C=C2)C=O,,254.285,AKOS024260640,,
CCOC(=O)c1ccc(cc1)CC(=O)c1ccccc1,24727462,CCOC(=O)C1=CC=C(C=C1)CC(=O)C2=CC=CC=C2,,268.312,AKOS016023015,,
CCOC(=O)c1ccc(cc1)CC=C,11263974,CCOC(=O)C1=CC=C(C=C1)CC=C,,190.242,AKOS006275881,,
CCOC(=O)c1ccc(cc1)CCC,12766527,CCCC1=CC=C(C=C1)C(=O)OCC,,192.258,AKOS022174073,,
CCOC(=O)c1ccc(cc1)CCC(=C)C,24721809,CCOC(=O)C1=CC=C(C=C1)CCC(=C)C,,218.296,AKOS016016810,,
CCOC(=O)c1ccc(cc1)CCc1ccccc1,70700422,CCOC(=O)C1=CC=C(C=C1)CCC2=CC=CC=C2,,254.329,AKOS016003433,,
CCOC(=O)c1ccc(cc1)I,142891,CCOC(=O)C1=CC=C(C=C1)I,,276.073,AKOS005258847,,
CCOC(=O)c1ccc(cc1C)F,18920184,CCOC(=O)C1=C(C=C(C=C1)F)C,,182.194,AKOS006293745,,
CCOC(=O)c1cccc(c1)C(F)(F)F,144790,CCOC(=O)C1=CC(=CC=C1)C(F)(F)F,,218.175,AKOS005257791,,
CCOC(=O)c1cccc(c1)c1ccc(cc1)C=O,15382496,CCOC(=O)C1=CC=CC(=C1)C2=CC=C(C=C2)C=O,,254.285,AKOS022172857,,
CCOC(=O)c1cccc(c1)C1CCCC(=O)C1,15475145,CCOC(=O)C1=CC(=CC=C1)C2CCCC(=O)C2,,246.306,AKOS016019476,,
CCOC(=O)c1cccc(c1)CCC(=C)C,14812184,CCOC(=O)C1=CC(=CC=C1)CCC(=C)C,,218.296,AKOS016016783,,
CCOC(=O)c1cccc(c1)F,67975,CCOC(=O)C1=CC(=CC=C1)F,,168.167,AKOS007930445,,
CCOC(=O)c1cccc(c1C)C,22448154,CCOC(=O)C1=C(C(=CC=C1)C)C,,178.231,AKOS008947842,,
CCOC(=O)c1cccc2c1CCCC2,11790328,CCOC(=O)C1=C2CCCCC2=CC=C1,,204.269,AKOS022173807,,
CCOC(=O)c1ccccc1C(=O)C,2799640,CCOC(=O)C1=CC=CC=C1C(=O)C,,192.214,AKOS005070770,,
CCOC(=O)c1ccccc1C(=O)OCC,6781,CCOC(=O)C1=CC=CC=C1C(=O)OCC,1.12,222.24,AKOS000119867,,
CCOC(=O)c1ccccc1C=O,10943020,CCOC(=O)C1=CC=CC=C1C=O,,178.187,AKOS006242421,,
CCOC(=O)c1ccccc1c1ccccc1C(=O)OCC,13793399,CCOC(=O)C1=CC=CC=C1C2=CC=CC=C2C(=O)OCC,,298.338,AKOS016017263,,
CCOC(=O)c1ccccc1CCC(=C)C,24721799,CCOC(=O)C1=CC=CC=C1CCC(=C)C,,218.296,AKOS016016780,,
CCOC(=O)c1ccccc1F,67953,CCOC(=O)C1=CC=CC=C1F,,168.167,AKOS008948024,,
CCOC(=O)CC1CCC(=O)CC1,12666966,CCOC(=O)CC1CCC(=O)CC1,,184.235,AKOS006307852,,
CCOC(=O)CC1CCCC1,247667,CCOC(=O)CC1CCCC1,,156.225,AKOS008947756,,
CCOC(=O)CC1CCCCCC1,14322005,CCOC(=O)CC1CCCCCC1,,184.279,AKOS015840844,,
CCOC(=O)CC1CCCCCCCCCCC1,17750637,CCOC(=O)CC1CCCCCCCCCCC1,,254.414,AKOS024264069,,
CCOC(=O)CCC(CCC(=O)OCC)F,28306167,CCOC(=O)CCC(CCC(=O)OCC)F,,234.267,AKOS005254800,,
CCOC(=O)CCCC(=O)CC,12487640,CCC(=O)CCCC(=O)OCC,,172.224,AKOS006278162,,
CCOC(=O)CCCCC(=O)C(C)C,12007529,CCOC(=O)CCCCC(=O)C(C)C,,200.278,AKOS016022954,,
CCOC(=O)CCCCC(=O)C1CC1,24727443,CCOC(=O)CCCCC(=O)C1CC1,,198.262,AKOS006278161,,
CCOC(=O)CCCCC(=O)C1CCC1,24727438,CCOC(=O)CCCCC(=O)C1CCC1,,212.289,AKOS016023052,,
CCOC(=O)CCCCC(=O)C1CCCCC1,11770572,CCOC(=O)CCCCC(=O)C1CCCCC1,,240.343,AKOS016023189,,
CCOC(=O)CCCCC(=O)CC,282994,CCC(=O)CCCCC(=O)OCC,,186.251,AKOS006278411,,
CCOC(=O)CCCCC(=O)CC(=O)OCC,14006760,CCOC(=O)CCCCC(=O)CC(=O)OCC,,244.287,AKOS025403211,,
CCOC(=O)CCCCC1CC(=O)C1,70700488,CCOC(=O)CCCCC1CC(=O)C1,,198.262,AKOS016004162,,
CCOC(=O)CCCCCC(=O)C(C)(C)C,24727447,CCOC(=O)CCCCCC(=O)C(C)(C)C,,228.332,AKOS016023082,,
CCOC(=O)CCCCCC(=O)C1CC1,24727444,CCOC(=O)CCCCCC(=O)C1CC1,,212.289,AKOS016023071,,
CCOC(=O)CCCCCC(=O)C1CCC1,24727439,CCOC(=O)CCCCCC(=O)C1CCC1,,226.316,AKOS016023061,,
CCOC(=O)CCCCCC(=O)C1CCCC1,24727434,CCOC(=O)CCCCCC(=O)C1CCCC1,,240.343,AKOS016023050,,
CCOC(=O)CCCCCC(=O)CC(=O)OCC,14006762,CCOC(=O)CCCCCC(=O)CC(=O)OCC,,258.314,AKOS025402912,,
CCOC(=O)CCCCCC(=O)O,118383,CCOC(=O)CCCCCC(=O)O,,188.223,AKOS006228602,,
CCOC(=O)CCCCCCC(=O)CC,24727450,CCC(=O)CCCCCCC(=O)OCC,,214.305,AKOS016023092,,
CCOC(=O)CCCCCCC(=O)CC(=O)OCC,14006763,CCOC(=O)CCCCCCC(=O)CC(=O)OCC,,272.341,AKOS025402964,,
CCOC(=O)CCCCCCCC(=O)CC(=O)OCC,14006764,CCOC(=O)CCCCCCCC(=O)CC(=O)OCC,,286.368,AKOS025402820,,
CCOCCCCCC(=O)O,23190866,CCOCCCCCC(=O)O,,160.213,AKOS013620056,,
ClCCOC(=O)c1ccccc1,95952,C1=CC=C(C=C1)C(=O)OCCCl,,184.619,AKOS005198580,,
COC(=O)/C=C/c1ccc(cc1)C(=O)OC,5375161,COC(=O)C=CC1=CC=C(C=C1)C(=O)OC,,220.224,AKOS008392074,,
COC(=O)/C=C/OC(=O)c1ccc(cc1)C,5910650,CC1=CC=C(C=C1)C(=O)OC=CC(=O)OC,,220.224,AKOS005093990,,
COC(=O)c1c(C)cccc1c1ccccc1,14663182,CC1=CC=CC(=C1C(=O)OC)C2=CC=CC=C2,,226.275,AKOS026674461,,
COC(=O)c1cc(C)cc(c1)C,32786,CC1=CC(=CC(=C1)C(=O)OC)C,,164.204,AKOS008904378,,
COC(=O)c1ccc(cc1)/C=C/C(=O)/C=C/c1ccc(cc1)C(=O)OC,14817491,COC(=O)C1=CC=C(C=C1)C=CC(=O)C=CC2=CC=C(C=C2)C(=O)OC,,350.37,AKOS016014783,,
COC(=O)c1ccc(cc1)/C=C/c1ccc(cc1)C(=O)OC,5378468,COC(=O)C1=CC=C(C=C1)C=CC2=CC=C(C=C2)C(=O)OC,,296.322,AKOS015840500,,
COC(=O)c1ccc(cc1)C(=O)c1ccc(cc1)C,182399,CC1=CC=C(C=C1)C(=O)C2=CC=C(C=C2)C(=O)OC,,254.285,AKOS016053162,,
COC(=O)c1ccc(cc1)c1ccc(cc1)C,170805,CC1=CC=C(C=C1)C2=CC=C(C=C2)C(=O)OC,,226.275,AKOS002679543,,
COC(=O)c1ccc(cc1)c1ccc(cc1)C(=O)OC,13099,COC(=O)C1=CC=C(C=C1)C2=CC=C(C=C2)C(=O)OC,,270.284,AKOS001588888,,
COC(=O)c1ccc(cc1)c1ccc(cc1)C=O,4321323,COC(=O)C1=CC=C(C=C1)C2=CC=C(C=C2)C=O,,240.258,AKOS004114082,,
COC(=O)c1ccc(cc1)c1cccc(c1)C,1393157,CC1=CC=CC(=C1)C2=CC=C(C=C2)C(=O)OC,,226.275,AKOS002678682,,
COC(=O)c1ccc(cc1)c1cccc(c1)C=O,4321386,COC(=O)C1=CC=C(C=C1)C2=CC(=CC=C2)C=O,,240.258,AKOS004114083,,
COC(=O)c1ccc(cc1)c1ccccc1C=O,4112125,COC(=O)C1=CC=C(C=C1)C2=CC=CC=C2C=O,,240.258,AKOS004113834,,
COC(=O)c1ccc(cc1)COC(=O)C,597147,CC(=O)OCC1=CC=C(C=C1)C(=O)OC,,208.213,AKOS022184211,,
COC(=O)c1ccc(cc1)F,67878,COC(=O)C1=CC=C(C=C1)F,,154.14,AKOS000295905,,
COC(=O)c1cccc(c1)c1ccc(cc1)C,1394187,CC1=CC=C(C=C1)C2=CC(=CC=C2)C(=O)OC,,226.275,AKOS002679583,,
COC(=O)c1cccc(c1)c1cccc(c1)C,1392448,CC1=CC=CC(=C1)C2=CC(=CC=C2)C(=O)OC,,226.275,AKOS002678385,,
COC(=O)c1ccccc1c1ccc(cc1)C,1393873,CC1=CC=C(C=C1)C2=CC=CC=C2C(=O)OC,,226.275,AKOS004114791,,
COC(=O)c1ccccc1c1ccc(cc1)C=O,4325150,COC(=O)C1=CC=CC=C1C2=CC=C(C=C2)C=O,,240.258,AKOS004113749,,
COC(=O)c1ccccc1c1cccc(c1)C,1392926,CC1=CC=CC(=C1)C2=CC=CC=C2C(=O)OC,,226.275,AKOS004114763,,
COC(=O)c1ccccc1c1ccccc1,9920766,COC(=O)C1=CC=CC=C1C2=CC=CC=C2,,212.248,AKOS005216884,,
COC(=O)c1ccccc1c1ccccc1C=O,329746,COC(=O)C1=CC=CC=C1C2=CC=CC=C2C=O,,240.258,AKOS004113810,,
COC(=O)c1ccccc1COCc1ccccc1C,46735277,CC1=CC=CC=C1COCC2=CC=CC=C2C(=O)OC,,270.328,AKOS025213694,,
COC(=O)c1ccccc1F,67854,COC(=O)C1=CC=CC=C1F,,154.14,AKOS001428541,,
COC(=O)CC1CCCCC1,139743,COC(=O)CC1CCCCC1,,156.225,AKOS008910111,,
COC(=O)CCCCC(=O)C,288022,CC(=O)CCCCC(=O)OC,,158.197,AKOS016005447,,
COC(=O)CCCCCC(=O)C(F)(F)F,57362757,COC(=O)CCCCCC(=O)C(F)(F)F,,226.195,AKOS025212060,,
COC(=O)CCCCCCCC(=O)O,75009,COC(=O)CCCCCCCC(=O)O,,202.25,AKOS003382269,,
COC(=O)CCCCCCCC(=O)OC,15612,COC(=O)CCCCCCCC(=O)OC,,216.277,AKOS015913922,,
COC/C=C(\CCC=C(C)C)/C,6436330,CC(=CCCC(=CCOC)C)C,,168.28,AKOS024463299,,
COCc1ccc(cc1)C(=O)OC,15247548,COCC1=CC=C(C=C1)C(=O)OC,,180.203,AKOS008954989,,
F[B-](c1ccc(cc1)C(=O)OCC)(F)F.[K+],46738073,[B-](C1=CC=C(C=C1)C(=O)OCC)(F)(F)F.[K+],,256.073,AKOS016339828,,
FCC(CCCCCCCCC(=O)OC)O,11831365,COC(=O)CCCCCCCCC(CF)O,,234.311,AKOS024263949,,
N#CC1(C)CC(O)CC(C1)(C)C,10583216,CC1(CC(CC(C1)(C)C#N)O)C,,167.252,AKOS026675742,,
N#Cc1ccc(cc1)C(=O)OCc1ccccc1,582534,C1=CC=C(C=C1)COC(=O)C2=CC=C(C=C2)C#N,,237.258,AKOS002474881,,
O[C@@H]1C[C@@H]2C[C@H]([C@]1(C)O)C2(C)C,10219606,CC1(C2CC1C(C(C2)O)(C)O)C,,170.252,AKOS005256255,,
O[C@@H]1CC[C@@H](CC1)C(C)(C)C,7391,CC(C)(C)C1CCC(CC1)O,,156.269,AKOS015837824,,
O[C@@H]1CC[C@@H](CC1)C1CCCCC1,75518,C1CCC(CC1)C2CCC(CC2)O,,182.307,AKOS016008874,,
O[C@@H]1CC[C@H](C=C1)O,7057958,C1CC(C=CC1O)O,,114.144,AKOS016010153,,
O[C@@H]1CC[C@H](CC1)C(C)(C)C,7391,CC(C)(C)C1CCC(CC1)O,,156.269,AKOS015837822,,
O[C@@H]1CCC=C([C@H]([C@H]1C)O)C,2755158,CC1C(CCC=C(C1O)C)O,,156.225,AKOS004902637,,
O[C@@H]1CCC=C[C@H](C1(C)C)O,2755159,CC1(C(CCC=CC1O)O)C,,156.225,AKOS004902645,,
O[C@@H]1CCC2([C@@H](C1)CCC1C2CCC2([C@H]1CC[C@]2(C)O)C)C,2748136,CC12CCC(CC1CCC3C2CCC4(C3CCC4(C)O)C)O,,306.49,AKOS004903650,,
O[C@@H]1CCC2(C(C1)(C)CCC1C2CCC2(C1C[C@](C2)(O)C(O)C)C)C,2748135,CC(C1(CC2C3CCC4(CC(CCC4(C3CCC2(C1)C)C)O)C)O)O,,350.543,AKOS004903649,,
O[C@@H]1CCC2(C(C1)(C)CCC1C2CCC2(C1CC[C@]2(O)C(O)C)C)C,2748166,CC(C1(CCC2C1(CCC3C2CCC4(C3(CCC(C4)O)C)C)C)O)O,,350.543,AKOS004903645,,
O[C@@H]1CCCC[C@H]1C(C)(C)C,6995537,CC(C)(C)C1CCCCC1O,,156.269,AKOS006237378,,
O[C@H]1CC[C@]2([C@H](C1)CCC1C2CC[C@]2(C1CCC2)C)C,2754138,CC12CCCC1C3CCC4CC(CCC4(C3CC2)C)O,,276.464,AKOS004902137,,
O[C@H]1CCC2[C@]1(C)CCC1C2CC[C@@H]2[C@]1(C)CCCC2,2754189,CC12CCCCC1CCC3C2CCC4(C3CCC4O)C,,276.464,AKOS002705556,,
O=C(C(C(C(C(C(C(F)(F)F)(F)F)(F)F)(F)F)(F)F)(F)F)OCC(C(C(F)(F)F)(F)F)(F)F,56587774,C(C(C(C(F)(F)F)(F)F)(F)F)OC(=O)C(C(C(C(C(C(F)(F)F)(F)F)(F)F)(F)F)(F)F)(F)F,,546.103,AKOS007930419,,
O=C(c1ccc(cc1)C(=O)OCc1ccccc1)OCc1ccccc1,88280,C1=CC=C(C=C1)COC(=O)C2=CC=C(C=C2)C(=O)OCC3=CC=CC=C3,,346.382,AKOS016845850,,
O=C(c1ccc(cc1)C)OC(=O)c1ccc(cc1)C,139413,CC1=CC=C(C=C1)C(=O)OC(=O)C2=CC=C(C=C2)C,,254.285,AKOS003273125,,
O=C(c1ccc(cc1)F)OC(=O)c1ccc(cc1)F,579438,C1=CC(=CC=C1C(=O)OC(=O)C2=CC=C(C=C2)F)F,,262.212,AKOS016005112,,
O=C(c1cccc(c1)B(O)O)OCc1ccccc1,2773249,B(C1=CC(=CC=C1)C(=O)OCC2=CC=CC=C2)(O)O,,256.064,AKOS015839321,,
O=C(c1cccc(c1)C(F)(F)F)OC(=O)c1cccc(c1)C(F)(F)F,599431,C1=CC(=CC(=C1)C(F)(F)F)C(=O)OC(=O)C2=CC(=CC=C2)C(F)(F)F,,362.227,AKOS005256936,,
O=C(c1ccccc1)OC[C@@H]1CCCOC1,91800988,C1CC(COC1)COC(=O)C2=CC=CC=C2,,220.268,AKOS025396188,,
O=C(c1ccccc1)OC[C@H]1CCCOC1,91800987,C1CC(COC1)COC(=O)C2=CC=CC=C2,,220.268,AKOS025396209,,
O=C(c1ccccc1)OC/C=C/c1ccccc1,5705112,C1=CC=C(C=C1)C=CCOC(=O)C2=CC=CC=C2,,238.286,AKOS004905721,,
O=C(c1ccccc1)OC1CCC=CC1,10171328,C1CC(CC=C1)OC(=O)C2=CC=CC=C2,,202.253,AKOS016845282,,
O=C(c1ccccc1)OCC(=O)C,23137,CC(=O)COC(=O)C1=CC=CC=C1,,178.187,AKOS022172870,,
O=C(c1ccccc1)OCC(COC(=O)c1ccccc1)(C)C,20169,CC(C)(COC(=O)C1=CC=CC=C1)COC(=O)C2=CC=CC=C2,,312.365,AKOS022172830,,
O=C(c1ccccc1)OCCC(c1ccccc1)OC(=O)c1ccccc1,2750414,C1=CC=C(C=C1)C(CCOC(=O)C2=CC=CC=C2)OC(=O)C3=CC=CC=C3,,360.409,AKOS004905729,,
O=C(c1ccccc1)OCCc1ccc(cc1)CCOC(=O)c1ccccc1,2749143,C1=CC=C(C=C1)C(=O)OCCC2=CC=C(C=C2)CCOC(=O)C3=CC=CC=C3,,374.436,AKOS004900825,,
O=C(c1ccccc1)OCCOC(F)(F)F,68154755,C1=CC=C(C=C1)C(=O)OCCOC(F)(F)F,,234.174,AKOS017344668,,
O=C(CCc1ccccc1)/C=C/OC(=O)c1ccccc1,5705114,C1=CC=C(C=C1)CCC(=O)C=COC(=O)C2=CC=CC=C2,,280.323,AKOS004905600,,
O=C1O/C(=C\c2ccccc2)/c2c1cccc2,642371,C1=CC=C(C=C1)C=C2C3=CC=CC=C3C(=O)O2,,222.243,AKOS000567737,,
O=C1OC(/C=C/c2ccccc2)Cc2c1cccc2,5705611,C1C(OC(=O)C2=CC=CC=C21)C=CC3=CC=CC=C3,,250.297,AKOS004907614,,
O=C1OC(Cc2c1cccc2)c1ccccc1,263144,C1C(OC(=O)C2=CC=CC=C21)C3=CC=CC=C3,,224.259,AKOS001145957,,
O=C1OCc2c(c3c1cccc3)cccc2,4613402,C1C2=CC=CC=C2C3=CC=CC=C3C(=O)O1,,210.232,AKOS000276674,,
O=C1OCc2c1cccc2,6885,C1C2=CC=CC=C2C(=O)O1,,134.134,AKOS000121167,,
O=Cc1ccc(cc1)CC(=O)OCc1ccccc1,19966221,C1=CC=C(C=C1)COC(=O)CC2=CC=C(C=C2)C=O,,254.285,AKOS022188250,,
O=Cc1ccc(cc1F)C(=O)OCc1ccccc1,59295103,C1=CC=C(C=C1)COC(=O)C2=CC(=C(C=C2)C=O)F,,258.248,AKOS022173642,,
O=CCCc1cccc(c1)C(=O)OCC,10262385,CCOC(=O)C1=CC(=CC=C1)CCC=O,,206.241,AKOS016014243,,
O=CCCCCCC(=O)OC,3015770,COC(=O)CCCCCC=O,,158.197,AKOS006272656,,
OB(c1ccc(cc1)C(=O)OC(C)C)O,2734703,B(C1=CC=C(C=C1)C(=O)OC(C)C)(O)O,,208.02,AKOS015838560,,
OB(c1ccc(cc1)C(=O)OCc1ccccc1)O,2773251,B(C1=CC=C(C=C1)C(=O)OCC2=CC=CC=C2)(O)O,,256.064,AKOS015839322,,
OC(=O)CCCCCCC(=O)O,10457,C(CCCC(=O)O)CCC(=O)O,,174.196,AKOS000119018,,
OC(=O)CCCCCCCCC(=O)O,5192,C(CCCCC(=O)O)CCCC(=O)O,1.2,202.25,AKOS000120056,,
OC(=O)CCCCCCCCCCC(=O)O,12736,C(CCCCCC(=O)O)CCCCC(=O)O,,230.304,AKOS015892807,,
OC(=O)CCCCCCCCCCCC(=O)O,10458,C(CCCCCC(=O)O)CCCCCC(=O)O,,244.331,AKOS005381208,,
OC(=O)CCCCCCCCCCCCC(=O)O,13185,C(CCCCCCC(=O)O)CCCCCC(=O)O,,258.358,AKOS015839774,,
OC(=O)CCCCCCCCCCCCCC(=O)O,160576,C(CCCCCCC(=O)O)CCCCCCC(=O)O,,272.385,AKOS016010374,,
OC(=O)CCCCCCCCCCCCCCC(=O)O,10459,C(CCCCCCCC(=O)O)CCCCCCC(=O)O,,286.412,AKOS015839798,,
OC(C(C)(C)C)/C=C/C=C/C(C)(C)C,84820215,CC(C)(C)C=CC=CC(C(C)(C)C)O,,196.334,AKOS024262873,,
OC(C(O)(C)C)C1CCCCC1,15568593,CC(C)(C(C1CCCCC1)O)O,,172.268,AKOS024263952,,
OC(C1CCCC=C1)C(C)C,2754970,CC(C)C(C1CCCC=C1)O,,154.253,AKOS004902614,,
OC[C@@H]1CC[C@H](CC1)CO,7735,C1CC(CCC1CO)CO,,144.214,AKOS015833096,,
OC[C@@H]1CCCC[C@@H]1CO,2724019,C1CCC(C(C1)CO)CO,,144.214,AKOS015915800,,
OC[C@@H]1CCCC[C@H]1CO,11217323,C1CCC(C(C1)CO)CO,,144.214,AKOS016000198,,
OC[C@H]([C@H]1CC[C@@H]2[C@]1(C)CCC[C@@H]2O)C,11042078,CC(CO)C1CCC2C1(CCCC2O)C,,212.333,AKOS017343723,,
OC[C@H](C1CCC2[C@]1(C)CCCC2O)C,57712187,CC(CO)C1CCC2C1(CCCC2O)C,,212.333,AKOS022193598,,
OC[C@H]1CC[C@H]2C[C@]1(O)C2(C)C,22831353,CC1(C2CCC(C1(C2)O)CO)C,,170.252,AKOS017343148,,
OC/C(=C/C(C(C(C(C(C(F)(F)F)(F)F)(F)F)(F)F)(F)F)(F)F)/I,5708695,C(C(=CC(C(C(C(C(C(F)(F)F)(F)F)(F)F)(F)F)(F)F)(F)F)I)O,,502.014,AKOS025211692,,
OC/C(=C/CCC1(C)CCCC(C1)(C)C)/C,84820829,CC(=CCCC1(CCCC(C1)(C)C)C)CO,,224.388,AKOS024264291,,
OC/C(=C\C(C(C(C(C(C(F)(F)F)(F)F)(F)F)(F)F)(F)F)(F)F)/I,5366122,C(C(=CC(C(C(C(C(C(F)(F)F)(F)F)(F)F)(F)F)(F)F)(F)F)I)O,,502.014,AKOS016015430,,
OC/C(=C\C(C(C(F)(F)F)(F)F)(F)F)/I,5376505,C(C(=CC(C(C(F)(F)F)(F)F)(F)F)I)O,,351.99,AKOS007930588,,
OC/C(=C\CC/C(=C/CC/C(=C/CC/C=C(/CC/C=C(/CCC=C(C)C)\C)\C)/C)/C)/C(O)(O)O,73554037,CC(=CCCC(=CCCC(=CCCC=C(C)CCC=C(C)CCC=C(CO)C(O)(O)O)C)C)C,,474.726,AKOS022184831,,
OC/C=C(/CC/C=C(/CC/C=C(/CCC=C(C)C)\C)\CO)\C,5282197,CC(=CCCC(=CCCC(=CCCC(=CCO)C)CO)C)C,,306.49,AKOS016014100,,
OC/C=C(/CCC[C@@H](CCC[C@@H](CCCC(C)C)C)C)\C,5280435,CC(C)CCCC(C)CCCC(C)CCCC(=CCO)C,,296.539,AKOS015841769,,
OC/C=C(\C=C\C1=C(C)CCCC1(C)C)/C,10443476,CC1=C(C(CCC1)(C)C)C=CC(=CCO)C,,220.356,AKOS024263171,,
OC/C=C(\CCC=C(C)C)/C,643820,CC(=CCCC(=CCO)C)C,,154.253,AKOS016008578,,
OC/C=C/C(C(C(C(C(C(C(C(F)(F)F)(F)F)(F)F)(F)F)(F)F)(F)F)(F)F)(F)F,5708699,C(C=CC(C(C(C(C(C(C(C(F)(F)F)(F)F)(F)F)(F)F)(F)F)(F)F)(F)F)(F)F)O,,476.133,AKOS015852692,,
OC/C=C/C(C(C(C(C(C(F)(F)F)(F)F)(F)F)(F)F)(F)F)(F)F,5708693,C(C=CC(C(C(C(C(C(F)(F)F)(F)F)(F)F)(F)F)(F)F)(F)F)O,,376.117,AKOS015852861,,
OC/C=C/C(C(C(C(F)(F)F)(F)F)(F)F)(F)F,5708662,C(C=CC(C(C(C(F)(F)F)(F)F)(F)F)(F)F)O,,276.102,AKOS016015336,,
OC/C=C/C(C(C(F)(F)F)(F)F)(C(F)(F)F)F,5708540,C(C=CC(C(C(F)(F)F)(F)F)(C(F)(F)F)F)O,,276.102,AKOS007930777,,
OC/C=C/C(C(F)(F)F)(F)F,14149394,C(C=CC(C(F)(F)F)(F)F)O,,176.086,AKOS025213216,,
OC/C=C\C(C(C(F)(F)F)(F)F)(C(F)(F)F)F,44717503,C(C=CC(C(C(F)(F)F)(F)F)(C(F)(F)F)F)O,,276.102,AKOS025211563,,
OC/C=C\C(C(F)(F)F)(C(F)(F)F)F,44717634,C(C=CC(C(F)(F)F)(C(F)(F)F)F)O,,226.094,AKOS017344911,,
OC/C=C\CO,643790,C(C=CCO)O,1.07,88.106,AKOS016015277,,
OC1[C@H]2C[C@@H]3C[C@H]1C[C@@](C2)(C3)O,6925928,C1C2CC3CC(C2)(CC1C3O)O,,168.236,AKOS006275755,,
OC12CCC3CC(C1)CC(C2)C3,565589,C1CC2(CC3CC1CC(C3)C2)O,,166.264,AKOS016844276,,
OC1CC(C)(C)CC(C1)(C)C,75851,CC1(CC(CC(C1)(C)C)O)C,,156.269,AKOS006282591,,
OC1CC[C@@]2(C1(C)CCC1C2CC[C@@]2(C1(C)CCCC2)C)C,2748126,CC12CCCCC1(C3CCC4(C(CCC4(C3CC2)C)O)C)C,,304.518,AKOS004903604,,
OC1CC2CCC1CC2,140410,C1CC2CCC1CC2O,,126.199,AKOS024047419,,
OC1CCC(CC1)C(C(=O)O)(C)C,57449962,CC(C)(C1CCC(CC1)O)C(=O)O,,186.251,AKOS024162794,,
OC1CCC(CC1)C(C)(C)C,7391,CC(C)(C)C1CCC(CC1)O,,156.269,AKOS000120382,,
OC1CCC(CC1)C(C1CCC(CC1)O)(C)C,94932,CC(C)(C1CCC(CC1)O)C2CCC(CC2)O,,240.387,AKOS015907919,,
OC1CCC(CC1)C1CCCCC1,75518,C1CCC(CC1)C2CCC(CC2)O,,182.307,AKOS015856373,,
OC1CCC(CC1)OC(=O)c1ccccc1,238109,C1CC(CCC1O)OC(=O)C2=CC=CC=C2,,220.268,AKOS016844745,,
OC1CCC2([C@@](C1)(C)CCC1C2CCC2(C1CCC2(O)C(O)C)C)C,2748240,CC(C1(CCC2C1(CCC3C2CCC4(C3(CCC(C4)O)C)C)C)O)O,,350.543,AKOS004903788,,
OC1CCC2([C@@](C1)(C)CCC1C2CCC2(C1CCC2)C)C,2748131,CC12CCCC1C3CCC4(CC(CCC4(C3CC2)C)O)C,,290.491,AKOS004903627,,
OC1CCC2(C(C1)CCC1C2CCC2(C1CC[C@@]2(O)C(O)C)C)C,2748241,CC(C1(CCC2C1(CCC3C2CCC4C3(CCC(C4)O)C)C)O)O,,336.516,AKOS004903793,,
OC1CCC2(C(C1)CCC1C2CCC2(C1CCC2C(O)C)C)C,4901,CC(C1CCC2C1(CCC3C2CCC4C3(CCC(C4)O)C)C)O,,320.517,AKOS004903632,,
OC1CCC2(C(C1)CCC1C2CCC2(C1CCC2O)C)C,11301,CC12CCC(CC1CCC3C2CCC4(C3CCC4O)C)O,,292.463,AKOS004903575,,
OC1CCC2(CC1)CCCC2,56962207,C1CCC2(C1)CCC(CC2)O,,154.253,AKOS016004545,,
OC1CCC2C(C1)CCC(C2)C(C)C,94453,CC(C)C1CCC2CC(CCC2C1)O,,196.334,AKOS006278456,,
OC1CCC2C1(C)CCC1C2CCC2C1(C)CCCC2,623919,CC12CCCCC1CCC3C2CCC4(C3CCC4O)C,,276.464,AKOS004903651,,
OC1CCCC=C1,13198,C1CC=CC(C1)O,,98.145,AKOS015840757,,
OC1CCCC=CCC1,98392,C1CC=CCCC(C1)O,,126.199,AKOS006292831,,
OC1CCCCC1(C)C,557637,CC1(CCCCC1O)C,,128.215,AKOS018400514,,
OCC(=C)CCCCCC(=C)C,84820164,CC(=C)CCCCCC(=C)CO,,168.28,AKOS024262779,,
OCC(=C)CCCCCC(=C)CO,84820163,C=C(CCCCCC(=C)CO)CO,,184.279,AKOS024262777,,
OCC(C(=C)C)CC=C(C)C,94060,CC(=CCC(CO)C(=C)C)C,,154.253,AKOS016011078,,
OCC(C(C)C)(CCC(C)C)CO,11745391,CC(C)CCC(CO)(CO)C(C)C,,188.311,AKOS016844938,,
OCC(C(C)C)CCC(C(C(C)C)O)(O)C,2750563,CC(C)C(CCC(C)(C(C(C)C)O)O)CO,,232.364,AKOS004901121,,
OCC(C1(C)CCC(C1(C)C)C)O,2750747,CC1CCC(C1(C)C)(C)C(CO)O,,186.295,AKOS004905936,,
OCC(C1CCCCC1)C,79509,CC(CO)C1CCCCC1,,142.242,AKOS006228465,,
OCC(CCCCCCCCC(=O)OC)F,10988196,COC(=O)CCCCCCCCC(CO)F,,234.311,AKOS024263954,,
OCC[C@H](CCC=C(C)C)C,7793,CC(CCC=C(C)C)CCO,,156.269,AKOS015902396,,
OCC/C=C\CC,5281167,CCC=CCCO,,100.161,AKOS015838970,,
OCC=CC#CCC,2755044,CCC#CC=CCO,,110.156,AKOS004909686,,
OCC1(C)C2CC3C1(C)C3C2,578221,CC1(C2CC3C1(C3C2)C)CO,,152.237,AKOS024262936,,
OCC1(C)CCC(C1(C)C)C,2750726,CC1CCC(C1(C)C)(C)CO,,156.269,AKOS004906034,,
OCC1(C)CCCCC1,1501840,CC1(CCCCC1)CO,,128.215,AKOS000282608,,
OCC1=CC[C@H](CC1)C(=C)C,369312,CC(=C)C1CCC(=CC1)CO,,152.237,AKOS016843795,,
OCC12CC3CC(C2)(CC(C1)(C3)C)C,4050097,CC12CC3CC(C1)(CC(C3)(C2)CO)C,,194.318,AKOS001056900,,
OCC12CCC(CC1)(CC2)CO,13227630,C1CC2(CCC1(CC2)CO)CO,,170.252,AKOS016006918,,
OCC1C(C)CCC(C1=O)C(C)C,2750470,CC1CCC(C(=O)C1CO)C(C)C,,184.279,AKOS004905651,,
OCC1C(CCC(C1=O)C)C(C)C,2750703,CC1CCC(C(C1=O)CO)C(C)C,,184.279,AKOS004905948,,
OCC1CC2(C(C1CC2)(C)C)C,2750898,CC1(C2CCC1(CC2CO)C)C,,168.28,AKOS004906174,,
OCC1CC2CC(C1=C)C2(C)C,15695189,CC1(C2CC(C(=C)C1C2)CO)C,,166.264,AKOS024264293,,
OCC1CCC(C1(C)C)(C)CO,2750589,CC1(C(CCC1(C)CO)CO)C,,172.268,AKOS016038000,,
OCC1CCC(CC1)COC,19938783,COCC1CCC(CC1)CO,,158.241,AKOS024260315,,
OCCC(CC/C=C(\CO)/C)C,77134639,CC(CCC=C(C)CO)CCO,,172.268,AKOS024263033,,
OCCC[C@H]([C@H]1CC[C@@H]2[C@]1(C)[C@@H](O)C[C@H]1[C@H]2[C@H](O)C[C@@H]2[C@]1(C)CC[C@H](C2)O)C,5284054,CC(CCCO)C1CCC2C1(C(CC3C2C(CC4C3(CCC(C4)O)C)O)O)C,,394.596,AKOS025213187,,
OCCC=C(C)C,136582,CC(=CCCO)C,,100.161,AKOS015916428,,
OCCC1C(C)(O)CCC2C1(C)CCCC2(C)C,91915,CC1(CCCC2(C1CCC(C2CCO)(C)O)C)C,,254.414,AKOS016844262,,
OCCC1C(O)C2(C(C1CC2)(C)C)C,2750154,CC1(C2CCC1(C(C2CCO)O)C)C,,198.306,AKOS004905463,,
OCCC1CCCCC1,20508,C1CCC(CC1)CCO,,128.215,AKOS005207193,,
OCCCC(C1CCC2C1(C)CCC1C2CCC2C1(C)CCCC2)C,612593,CC(CCCO)C1CCC2C1(CCC3C2CCC4C3(CCCC4)C)C,,346.599,AKOS004903439,,
OCCCC[C@H](CC)C,13218084,CCC(C)CCCCO,,130.231,AKOS015840006,,
OCCCC/C=C\C,13443326,CC=CCCCCO,,114.188,AKOS024264306,,
OCCCC1=CCC=CC1,20402847,C1C=CCC(=C1)CCCO,,138.21,AKOS025404422,,
OCCCCC[C@H](CC)C,13548104,CCC(C)CCCCCO,,144.258,AKOS015840005,,
OCCCCCC(=O)OCC,357781,CCOC(=O)CCCCCO,,160.213,AKOS009156692,,
OCCCCCCC/C=C\CCCCCCCO,11832052,C(CCCC=CCCCCCCCO)CCCO,,256.43,AKOS026669942,,
OCCCCCCCC/C=C/C,6436867,CC=CCCCCCCCCO,,170.296,AKOS024264141,,
OCCCCCCCC/C=C\CCCCCCCCO,87212466,C(CCCCO)CCCC=CCCCCCCCCO,,284.484,AKOS026669941,,
OCCCCCCCCC=C,25612,C=CCCCCCCCCO,,156.269,AKOS015839841,,
OCCCCCCCCCC(=O)O,74300,C(CCCCC(=O)O)CCCCO,,188.267,AKOS015856518,,
OCCCCCCCCCCC(=O)O,77237,C(CCCCCO)CCCCC(=O)O,,202.294,AKOS005394200,,
OCCCCCCCCCCCC(C)C,10878533,CC(C)CCCCCCCCCCCO,,214.393,AKOS025396876,,
OCCCOC(=O)c1ccccc1,81378,C1=CC=C(C=C1)C(=O)OCCCO,,180.203,AKOS017344995,,
OCCOC(=O)c1ccccc1,66747,C1=CC=C(C=C1)C(=O)OCCO,,166.176,AKOS000125630,,